Year,City,Rooms,Rent per m2,Sales price per m2,Rent €/mo vs. sales price k€ per m2,Total population
2011,Helsinki,1,18.83,4645,4.053821313240042,591966.5
2011,Helsinki,2,14.2,3966,3.5804336863338375,591966.5
2011,Helsinki,3,12.22,3987,3.064961123651869,591966.5
2011,Espoo-Kauniainen,1,15.72,3525,4.459574468085107,258952.5
2011,Espoo-Kauniainen,2,13.88,3209,4.325334995325647,258952.5
2011,Espoo-Kauniainen,3,11.69,2959,3.950659006421088,258952.5
2011,Tampere,1,14.26,2691,5.299145299145299,214192.5
2011,Tampere,2,11.36,2348,4.8381601362862,214192.5
2011,Tampere,3,10.03,2244,4.469696969696969,214192.5
2011,Turku,1,13.69,2444,5.601472995090016,177978.0
2011,Turku,2,10.68,1980,5.393939393939394,177978.0
2011,Turku,3,9.27,1846,5.021668472372697,177978.0
2011,Jyväskylä,1,14.21,2153,6.600092893636786,131439.0
2011,Jyväskylä,2,10.75,1811,5.935946990612921,131439.0
2011,Jyväskylä,3,9.62,1818,5.291529152915291,131439.0
2011,Oulu,1,13.1,2020,6.485148514851485,186766.5
2011,Oulu,2,10.43,1732,6.021939953810624,186766.5
2011,Oulu,3,9.28,1720,5.395348837209302,186766.5
2012,Helsinki,1,19.64,4914,3.996743996743997,599676.0
2012,Helsinki,2,14.93,4135,3.610640870616687,599676.0
2012,Helsinki,3,12.93,4042,3.1989114299851558,599676.0
2012,Espoo-Kauniainen,1,16.24,3878,4.187725631768953,263490.0
2012,Espoo-Kauniainen,2,14.23,3364,4.230083234244947,263490.0
2012,Espoo-Kauniainen,3,12.48,3073,4.06117800195249,263490.0
2012,Tampere,1,14.63,2761,5.298804780876495,216294.5
2012,Tampere,2,11.64,2405,4.83991683991684,216294.5
2012,Tampere,3,10.31,2308,4.467071057192374,216294.5
2012,Turku,1,14.14,2495,5.667334669338678,179427.5
2012,Turku,2,10.96,2035,5.385749385749386,179427.5
2012,Turku,3,9.67,1899,5.092153765139548,179427.5
2012,Jyväskylä,1,14.64,2091,7.001434720229556,132772.0
2012,Jyväskylä,2,11.09,1795,6.178272980501393,132772.0
2012,Jyväskylä,3,9.84,1745,5.638968481375358,132772.0
2012,Oulu,1,13.44,1950,6.892307692307693,189480.5
2012,Oulu,2,10.69,1744,6.129587155963303,189480.5
2012,Oulu,3,9.66,1736,5.564516129032258,189480.5
2013,Helsinki,1,20.42,5203,3.924658850663079,608316.0
2013,Helsinki,2,15.63,4310,3.626450116009281,608316.0
2013,Helsinki,3,13.77,4174,3.2989937709631048,608316.0
2013,Espoo-Kauniainen,1,16.93,3931,4.306792164843551,267794.0
2013,Espoo-Kauniainen,2,14.55,3449,4.218614091040881,267794.0
2013,Espoo-Kauniainen,3,12.45,3084,4.036964980544747,267794.0
2013,Tampere,1,15.15,2880,5.260416666666667,218933.5
2013,Tampere,2,12.18,2464,4.943181818181818,218933.5
2013,Tampere,3,10.7,2379,4.497688104245481,218933.5
2013,Turku,1,14.6,2694,5.419450631031923,181148.5
2013,Turku,2,11.32,2097,5.398187887458274,181148.5
2013,Turku,3,9.82,1926,5.09865005192108,181148.5
2013,Jyväskylä,1,15.08,2212,6.817359855334539,134070.0
2013,Jyväskylä,2,11.63,1837,6.33097441480675,134070.0
2013,Jyväskylä,3,10.39,1699,6.115361977633903,134070.0
2013,Oulu,1,13.7,2067,6.627963231736816,192322.5
2013,Oulu,2,10.9,1772,6.1512415349887135,192322.5
2013,Oulu,3,9.66,1763,5.479296653431651,192322.5
2014,Helsinki,1,21.55,5353,4.025779936484215,616689.5
2014,Helsinki,2,16.36,4365,3.747995418098511,616689.5
2014,Helsinki,3,14.31,4181,3.422626165988998,616689.5
2014,Espoo-Kauniainen,1,18.0,3973,4.530581424616159,272377.0
2014,Espoo-Kauniainen,2,15.49,3449,4.491156857060017,272377.0
2014,Espoo-Kauniainen,3,13.37,3106,4.304571796522859,272377.0
2014,Tampere,1,15.7,2996,5.240320427236314,221725.0
2014,Tampere,2,12.54,2525,4.966336633663365,221725.0
2014,Tampere,3,11.01,2380,4.626050420168068,221725.0
2014,Turku,1,14.98,2696,5.5563798219584575,182948.0
2014,Turku,2,11.47,2124,5.400188323917138,182948.0
2014,Turku,3,9.99,1971,5.068493150684932,182948.0
2014,Jyväskylä,1,15.6,2184,7.142857142857142,135219.0
2014,Jyväskylä,2,11.73,1823,6.434448710916072,135219.0
2014,Jyväskylä,3,10.56,1691,6.244825547013602,135219.0
2014,Oulu,1,14.04,2124,6.610169491525424,195044.5
2014,Oulu,2,11.01,1770,6.220338983050847,195044.5
2014,Oulu,3,9.82,1788,5.492170022371364,195044.5
2015,Helsinki,1,22.97,5439,4.223202794631366,624461.5
2015,Helsinki,2,15.97,4434,3.60171402796572,624461.5
2015,Helsinki,3,14.78,4248,3.4792843691148776,624461.5
2015,Espoo-Kauniainen,1,19.74,3959,4.986107602930033,277094.0
2015,Espoo-Kauniainen,2,14.89,3394,4.3871538008249855,277094.0
2015,Espoo-Kauniainen,3,13.78,3069,4.490061909416748,277094.0
2015,Turku,1,15.27,2786,5.480976310122038,184866.0
2015,Turku,2,10.59,2137,4.955545156761816,184866.0
2015,Turku,3,9.75,1935,5.038759689922481,184866.0
2015,Tampere,1,16.44,2969,5.537217918491074,224061.0
2015,Tampere,2,11.65,2493,4.673084636983553,224061.0
2015,Tampere,3,10.99,2349,4.678586632609621,224061.0
2015,Jyväskylä,1,15.71,2382,6.595298068849707,136574.0
2015,Jyväskylä,2,11.08,1985,5.581863979848866,136574.0
2015,Jyväskylä,3,10.37,1950,5.317948717948717,136574.0
2015,Oulu,1,14.3,2212,6.464737793851719,197408.0
2015,Oulu,2,10.58,1907,5.547981122181437,197408.0
2015,Oulu,3,9.82,1839,5.339858618814573,197408.0
2016,Helsinki,1,23.71,5660,4.18904593639576,631694.5
2016,Helsinki,2,16.69,4536,3.6794532627865966,631694.5
2016,Helsinki,3,15.57,4334,3.5925242270419933,631694.5
2016,Espoo-Kauniainen,1,20.61,4087,5.0428186934181545,281634.0
2016,Espoo-Kauniainen,2,15.52,3471,4.471333909536156,281634.0
2016,Espoo-Kauniainen,3,14.34,3193,4.491074224866896,281634.0
2016,Turku,1,15.67,3008,5.209441489361701,186756.0
2016,Turku,2,11.11,2216,5.013537906137183,186756.0
2016,Turku,3,10.14,1990,5.0954773869346734,186756.0
2016,Tampere,1,16.73,3146,5.317863954227591,226696.0
2016,Tampere,2,11.97,2551,4.6922775382203055,226696.0
2016,Tampere,3,11.32,2425,4.668041237113402,226696.0
2016,Jyväskylä,1,16.05,2539,6.321386372587633,138109.0
2016,Jyväskylä,2,11.44,2036,5.618860510805501,138109.0
2016,Jyväskylä,3,10.77,1958,5.500510725229826,138109.0
2016,Oulu,1,14.68,2314,6.34399308556612,199525.5
2016,Oulu,2,10.88,1915,5.681462140992168,199525.5
2016,Oulu,3,10.01,1932,5.181159420289855,199525.5
2017,Helsinki,1,24.29,5967,4.070722306016424,639226.5
2017,Helsinki,2,18.0,4786,3.760969494358546,639226.5
2017,Helsinki,3,16.57,4558,3.635366388767003,639226.5
2017,Espoo-Kauniainen,1,21.01,4171,5.037161352193719,286324.0
2017,Espoo-Kauniainen,2,16.42,3661,4.485113357006282,286324.0
2017,Espoo-Kauniainen,3,14.94,3264,4.577205882352941,286324.0
2017,Turku,1,16.06,3140,5.114649681528662,188636.5
2017,Turku,2,12.05,2301,5.236853541938288,188636.5
2017,Turku,3,10.72,2049,5.231820400195217,188636.5
2017,Tampere,1,17.61,3167,5.560467319229555,230063.5
2017,Tampere,2,13.08,2629,4.97527577025485,230063.5
2017,Tampere,3,12.04,2440,4.934426229508197,230063.5
2017,Jyväskylä,1,16.63,2596,6.406009244992295,139519.0
2017,Jyväskylä,2,12.57,2105,5.971496437054632,139519.0
2017,Jyväskylä,3,11.33,1961,5.77766445690974,139519.0
2017,Oulu,1,15.22,2377,6.403029028186791,201168.0
2017,Oulu,2,11.67,1956,5.966257668711656,201168.0
2017,Oulu,3,10.71,1901,5.6338769068911105,201168.0
2018,Helsinki,1,24.76,6196,3.9961265332472564,645657.0
2018,Helsinki,2,18.83,5014,3.755484642999601,645657.0
2018,Helsinki,3,16.82,4737,3.550770529871227,645657.0
2018,Espoo-Kauniainen,1,21.13,4266,4.953117674636662,290957.5
2018,Espoo-Kauniainen,2,16.74,3682,4.5464421510048885,290957.5
2018,Espoo-Kauniainen,3,15.0,3350,4.477611940298508,290957.5
2018,Turku,1,16.37,3276,4.996947496947497,190500.0
2018,Turku,2,12.83,2416,5.310430463576159,190500.0
2018,Turku,3,11.01,2081,5.290725612686209,190500.0
2018,Tampere,1,17.68,3374,5.240071132187315,233546.0
2018,Tampere,2,13.59,2759,4.925697716563973,233546.0
2018,Tampere,3,12.18,2599,4.686417853020393,233546.0
2018,Jyväskylä,1,16.92,2712,6.238938053097345,140746.5
2018,Jyväskylä,2,13.25,2149,6.165658445788739,140746.5
2018,Jyväskylä,3,11.57,1968,5.879065040650407,140746.5
2018,Oulu,1,15.49,2447,6.330200245198203,202688.5
2018,Oulu,2,12.12,2008,6.035856573705179,202688.5
2018,Oulu,3,10.85,1979,5.482566953006569,202688.5
2019,Helsinki,1,25.4,6445,3.9410395655546937,650938.5
2019,Helsinki,2,19.21,5149,3.7308215187415033,650938.5
2019,Helsinki,3,17.23,4979,3.460534243824061,650938.5
2019,Espoo-Kauniainen,1,21.81,4296,5.0768156424581,296387.5
2019,Espoo-Kauniainen,2,17.16,3751,4.574780058651027,296387.5
2019,Espoo-Kauniainen,3,15.35,3487,4.402064812159449,296387.5
2019,Turku,1,16.84,3370,4.997032640949555,192146.5
2019,Turku,2,13.14,2496,5.2644230769230775,192146.5
2019,Turku,3,11.27,2189,5.14846962083143,192146.5
2019,Tampere,1,18.08,3365,5.372956909361069,236689.5
2019,Tampere,2,13.87,2849,4.868374868374868,236689.5
2019,Tampere,3,12.47,2677,4.658199477026522,236689.5
2019,Jyväskylä,1,17.48,2517,6.944775526420342,141852.5
2019,Jyväskylä,2,13.41,2033,6.596163305459911,141852.5
2019,Jyväskylä,3,11.72,2053,5.70871894788115,141852.5
2019,Oulu,1,15.88,2500,6.352,204528.0
2019,Oulu,2,12.29,2024,6.072134387351778,204528.0
2019,Oulu,3,11.06,2054,5.384615384615385,204528.0
2020,Helsinki,1,26.33,6833,3.8533587004244105,655377.5
2020,Helsinki,2,19.98,5490,3.639344262295082,655377.5
2020,Helsinki,3,18.04,5306,3.39992461364493,655377.5
2020,Espoo-Kauniainen,1,22.67,4590,4.938997821350763,301251.0
2020,Espoo-Kauniainen,2,18.02,4063,4.435146443514644,301251.0
2020,Espoo-Kauniainen,3,16.13,3640,4.431318681318682,301251.0
2020,Turku,1,17.54,3628,4.834619625137816,193676.5
2020,Turku,2,13.64,2690,5.070631970260224,193676.5
2020,Turku,3,11.57,2356,4.910865874363328,193676.5
2020,Tampere,1,18.67,3654,5.1094690749863165,239574.5
2020,Tampere,2,14.29,3034,4.70995385629532,239574.5
2020,Tampere,3,12.92,2818,4.584811923349894,239574.5
2020,Jyväskylä,1,18.29,2548,7.17817896389325,142910.0
2020,Jyväskylä,2,13.58,2059,6.595434677027684,142910.0
2020,Jyväskylä,3,11.85,2034,5.825958702064897,142910.0
2020,Oulu,1,16.45,2844,5.784106891701828,206408.0
2020,Oulu,2,12.64,2138,5.912067352666043,206408.0
2020,Oulu,3,11.38,2131,5.340215861098076,206408.0
2021,Helsinki,1,26.69,7125,3.745964912280702,657688.5
2021,Helsinki,2,20.14,5802,3.4712168217855917,657688.5
2021,Helsinki,3,18.26,5729,3.1872927212428,657688.5
2021,Espoo-Kauniainen,1,23.25,4952,4.695072697899838,305251.0
2021,Espoo-Kauniainen,2,18.19,4265,4.264947245017585,305251.0
2021,Espoo-Kauniainen,3,16.34,3867,4.225497801913629,305251.0
2021,Turku,1,17.9,3947,4.535089941727894,194764.0
2021,Turku,2,13.89,2893,4.801244382993433,194764.0
2021,Turku,3,11.87,2511,4.727200318598168,194764.0
2021,Tampere,1,19.12,3928,4.867617107942974,242616.0
2021,Tampere,2,14.51,3201,4.532958450484224,242616.0
2021,Tampere,3,13.02,3008,4.32845744680851,242616.0
2021,Jyväskylä,1,18.34,2650,6.920754716981132,143946.5
2021,Jyväskylä,2,13.61,2060,6.606796116504854,143946.5
2021,Jyväskylä,3,11.93,1976,6.03744939271255,143946.5
2021,Oulu,1,16.76,2858,5.864240727781667,208439.0
2021,Oulu,2,12.92,2284,5.656742556917688,208439.0
2021,Oulu,3,11.56,2139,5.404394576905096,208439.0
2022,Helsinki,1,26.83,6945,3.86321094312455,661242.5
2022,Helsinki,2,20.48,5827,3.5146730736227902,661242.5
2022,Helsinki,3,18.84,5809,3.243243243243243,661242.5
2022,Espoo-Kauniainen,1,23.6,4784,4.933110367892977,311543.0
2022,Espoo-Kauniainen,2,18.52,4312,4.294990723562153,311543.0
2022,Espoo-Kauniainen,3,16.95,3991,4.2470558757203705,311543.0
2022,Turku,1,18.36,3975,4.618867924528302,196518.5
2022,Turku,2,14.3,3016,4.741379310344827,196518.5
2022,Turku,3,12.64,2613,4.837351703023345,196518.5
2022,Tampere,1,19.65,4011,4.899027673896783,246616.0
2022,Tampere,2,14.9,3330,4.474474474474475,246616.0
2022,Tampere,3,13.38,3131,4.273395081443629,246616.0
2022,Jyväskylä,1,18.45,2508,7.35645933014354,145180.0
2022,Jyväskylä,2,13.7,2045,6.699266503667482,145180.0
2022,Jyväskylä,3,12.12,1999,6.063031515757878,145180.0
2022,Oulu,1,17.05,2960,5.760135135135135,210699.5
2022,Oulu,2,13.28,2333,5.69224174882126,210699.5
2022,Oulu,3,11.87,2232,5.318100358422939,210699.5
2023,Helsinki,1,28.292136743305846,7294,3.8788232442152246,673155.0
2024,Helsinki,1,28.8517206320022,7456,3.869597724249222,677923.0
2025,Helsinki,1,29.395812684853766,7614,3.8607581671728086,682559.0
2026,Helsinki,1,29.92323927793292,7767,3.852612241268562,687053.0
2027,Helsinki,1,30.433648324061366,7914,3.845545656313036,691402.0
2028,Helsinki,1,30.92621828648977,8057,3.8384284828707673,695599.0
2029,Helsinki,1,31.402005426752993,8195,3.8318493504274547,699653.0
2030,Helsinki,1,31.858193047424706,8327,3.825890842731441,703540.0
2031,Helsinki,1,32.2929033502207,8452,3.820741049481862,707244.0
2032,Helsinki,1,32.70402381207123,8572,3.8152150970685055,710747.0
2033,Helsinki,1,33.0899113594776,8683,3.8108846434962107,714035.0
2034,Helsinki,1,33.44950973090495,8787,3.806704191522129,717099.0
2035,Helsinki,1,33.78000222892696,8883,3.802769585604746,719915.0
2036,Helsinki,1,34.079393692866645,8970,3.79926351091044,722466.0
2037,Helsinki,1,34.34674522358189,9047,3.796478968009494,724744.0
2038,Helsinki,1,34.582643633036525,9115,3.79403660263703,726754.0
2039,Helsinki,1,34.79002298104962,9175,3.7918281178255713,728521.0
2040,Helsinki,1,34.97510347443766,9229,3.78969590144519,730098.0
2023,Helsinki,2,21.257435075025924,5871,3.6207520141417007,673155.0
2024,Helsinki,2,21.687768216584978,5993,3.6188500277965923,677923.0
2025,Helsinki,2,22.106187772849182,6111,3.6174419526835515,682559.0
2026,Helsinki,2,22.51179119947804,6226,3.6157711531445615,687053.0
2027,Helsinki,2,22.904307733169375,6337,3.614377107964238,691402.0
2028,Helsinki,2,23.283105592884844,6444,3.613144877853017,695599.0
2029,Helsinki,2,23.648997068530896,6548,3.611636693422556,699653.0
2030,Helsinki,2,23.999816053690296,6647,3.61062374811047,703540.0
2031,Helsinki,2,24.334118477418215,6742,3.609332316436994,707244.0
2032,Helsinki,2,24.65027975990172,6831,3.6085902151810454,710747.0
2033,Helsinki,2,24.947036339064084,6915,3.607669752576151,714035.0
2034,Helsinki,2,25.22357592499884,6994,3.606459240062745,717099.0
2035,Helsinki,2,25.477732411288756,7066,3.605679650621109,719915.0
2036,Helsinki,2,25.70797147255493,7131,3.6051004729427754,722466.0
2037,Helsinki,2,25.91357107332496,7189,3.6046141429023453,724744.0
2038,Helsinki,2,26.09498248576911,7240,3.6042793488631366,726754.0
2039,Helsinki,2,26.25446207073867,7286,3.6034123072658066,728521.0
2040,Helsinki,2,26.396793313238376,7326,3.603165890422929,730098.0
2023,Helsinki,3,19.56711618956809,5688,3.440069653580888,673155.0
2024,Helsinki,3,20.005119484816213,5805,3.4461876804162297,677923.0
2025,Helsinki,3,20.430996849910663,5919,3.4517649687296275,682559.0
2026,Helsinki,3,20.84382965377918,6030,3.456688168122584,687053.0
2027,Helsinki,3,21.243342307100093,6137,3.461519033257307,691402.0
2028,Helsinki,3,21.628891768122827,6240,3.4661685525837864,695599.0
2029,Helsinki,3,22.001304804812406,6340,3.470237350916783,699653.0
2030,Helsinki,3,22.358376702595436,6435,3.4744952140785452,703540.0
2031,Helsinki,3,22.698637651756314,6526,3.478185358834863,707244.0
2032,Helsinki,3,23.020434116364996,6613,3.4810878748472702,710747.0
2033,Helsinki,3,23.322480012920337,6693,3.4846078011236123,714035.0
2034,Helsinki,3,23.603948573457302,6769,3.4870658255957014,717099.0
2035,Helsinki,3,23.86263508340251,6838,3.489709722638565,719915.0
2036,Helsinki,3,24.096977869933127,6901,3.4918095739650963,722466.0
2037,Helsinki,3,24.30624202819135,6957,3.493782094033542,724744.0
2038,Helsinki,3,24.490886873713322,7006,3.4957018089799203,726754.0
2039,Helsinki,3,24.653208984179642,7050,3.496909075770162,728521.0
2040,Helsinki,3,24.798077104273247,7089,3.498106517742029,730098.0
2023,Espoo-Kauniainen,1,25.21954607603995,4946,5.098978179547099,317290.0
2024,Espoo-Kauniainen,1,25.882713073785556,5041,5.134440205075492,321514.0
2025,Espoo-Kauniainen,1,26.516364116139076,5133,5.16586092268441,325550.0
2026,Espoo-Kauniainen,1,27.119557204524174,5220,5.195317472131068,329392.0
2027,Espoo-Kauniainen,1,27.693391337279902,5303,5.22221220767111,333047.0
2028,Espoo-Kauniainen,1,28.239122512508057,5382,5.246956988574518,336523.0
2029,Espoo-Kauniainen,1,28.75926272641222,5457,5.270159927874698,339836.0
2030,Espoo-Kauniainen,1,29.25129998278882,5528,5.291479736394504,342970.0
2031,Espoo-Kauniainen,1,29.715705280926013,5595,5.311118012676678,345928.0
2032,Espoo-Kauniainen,1,30.154676617501945,5658,5.329564619565561,348724.0
2033,Espoo-Kauniainen,1,30.57135398777108,5718,5.34651171524503,351378.0
2034,Espoo-Kauniainen,1,30.96762138888612,5776,5.361430295859785,353902.0
2035,Espoo-Kauniainen,1,31.34489181871157,5830,5.376482301665792,356305.0
2036,Espoo-Kauniainen,1,31.705206274162844,5882,5.39020847911643,358600.0
2037,Espoo-Kauniainen,1,32.04746575690086,5931,5.403383199612352,360780.0
2038,Espoo-Kauniainen,1,32.372926265027445,5978,5.415343972068827,362853.0
2039,Espoo-Kauniainen,1,32.68174479830529,6023,5.426157197128556,364820.0
2040,Espoo-Kauniainen,1,32.973450357446225,6065,5.436677717633343,366678.0
2023,Espoo-Kauniainen,2,19.186103498612805,4332,4.428925092015883,317290.0
2024,Espoo-Kauniainen,2,19.578311827805557,4417,4.432490791896209,321514.0
2025,Espoo-Kauniainen,2,19.953063915074008,4498,4.435985752573146,325550.0
2026,Espoo-Kauniainen,2,20.309802646314193,4575,4.439301124877419,329392.0
2027,Espoo-Kauniainen,2,20.649177987980742,4649,4.441638629378521,333047.0
2028,Espoo-Kauniainen,2,20.971932758878943,4718,4.445089605527541,336523.0
2029,Espoo-Kauniainen,2,21.279552596619375,4785,4.4471374287605805,339836.0
2030,Espoo-Kauniainen,2,21.570551863591458,4848,4.449371258991638,342970.0
2031,Espoo-Kauniainen,2,21.845209116847176,4907,4.4518461619823055,345928.0
2032,Espoo-Kauniainen,2,22.104824289295788,4963,4.453923894679788,348724.0
2033,Espoo-Kauniainen,2,22.35125442795051,5017,4.455103533575944,351378.0
2034,Espoo-Kauniainen,2,22.585613761019285,5067,4.457393676932956,353902.0
2035,Espoo-Kauniainen,2,22.808737959658057,5116,4.458314691098135,356305.0
2036,Espoo-Kauniainen,2,23.021834104425427,5162,4.459867126002601,358600.0
2037,Espoo-Kauniainen,2,23.224252228866757,5206,4.4610549805737145,360780.0
2038,Espoo-Kauniainen,2,23.416735151787346,5247,4.462880722658157,362853.0
2039,Espoo-Kauniainen,2,23.599375725537858,5287,4.46366100350631,364820.0
2040,Espoo-Kauniainen,2,23.7718953930663,5324,4.465044213573686,366678.0
2023,Espoo-Kauniainen,3,17.612297000043277,3955,4.453172439960373,317290.0
2024,Espoo-Kauniainen,3,18.02489923529538,4034,4.468244728630485,321514.0
2025,Espoo-Kauniainen,3,18.419137545304253,4110,4.481541981825852,325550.0
2026,Espoo-Kauniainen,3,18.794425847349373,4182,4.494123827677995,329392.0
2027,Espoo-Kauniainen,3,19.151447904604687,4250,4.506223036377574,333047.0
2028,Espoo-Kauniainen,3,19.49098516069757,4315,4.517030164703956,336523.0
2029,Espoo-Kauniainen,3,19.814600502882747,4377,4.526982066000171,339836.0
2030,Espoo-Kauniainen,3,20.1207310439055,4436,4.53578247157473,342970.0
2031,Espoo-Kauniainen,3,20.40966982512608,4491,4.5445713260133775,345928.0
2032,Espoo-Kauniainen,3,20.682784372892385,4543,4.5526710043786895,348724.0
2033,Espoo-Kauniainen,3,20.942028296272852,4593,4.55955329768623,351378.0
2034,Espoo-Kauniainen,3,21.18857376070853,4640,4.566502965669942,353902.0
2035,Espoo-Kauniainen,3,21.42329989028022,4685,4.572742772738574,356305.0
2036,Espoo-Kauniainen,3,21.647476530882393,4728,4.578569486227241,358600.0
2037,Espoo-Kauniainen,3,21.860419919341098,4769,4.583858234292535,360780.0
2038,Espoo-Kauniainen,3,22.062911499283715,4808,4.588791909168826,362853.0
2039,Espoo-Kauniainen,3,22.255048951163666,4845,4.593405356277331,364820.0
2040,Espoo-Kauniainen,3,22.43653923362067,4879,4.598593817097904,366678.0
2023,Tampere,1,20.572858219799063,4111,5.004344008708116,250958.0
2024,Tampere,1,21.050807881854293,4226,4.981260738725578,253843.0
2025,Tampere,1,21.505232811843033,4335,4.960838018879593,256586.0
2026,Tampere,1,21.936795678274184,4439,4.94183277275832,259191.0
2027,Tampere,1,22.348644156565104,4539,4.9236933590141225,261677.0
2028,Tampere,1,22.743760255005913,4634,4.908019045102701,264062.0
2029,Tampere,1,23.122143973596604,4725,4.893575444147429,266346.0
2030,Tampere,1,23.479322299902005,4811,4.880341363521514,268502.0
2031,Tampere,1,23.810822221486934,4891,4.868293236860955,270503.0
2032,Tampere,1,24.116643738351396,4964,4.858308569369741,272349.0
2033,Tampere,1,24.396124181986462,5032,4.848196379568057,274036.0
2034,Tampere,1,24.6461158769748,5092,4.840164154943991,275545.0
2035,Tampere,1,24.863802482153506,5144,4.833554137277121,276859.0
2036,Tampere,1,25.0475273262503,5189,4.827043231113953,277968.0
2037,Tampere,1,25.197290409265182,5225,4.822447925218217,278872.0
2038,Tampere,1,25.317896077887784,5254,4.8187849405953145,279600.0
2039,Tampere,1,25.417296354225098,5278,4.815706016336699,280200.0
2040,Tampere,1,25.507087937183133,5299,4.813566321415953,280742.0
2023,Tampere,2,15.381917860234806,3352,4.58887764326814,250958.0
2024,Tampere,2,15.703136865798703,3436,4.570179530209169,253843.0
2025,Tampere,2,16.008545438506424,3517,4.551761569094803,256586.0
2026,Tampere,2,16.298588942663777,3593,4.536206218386801,259191.0
2027,Tampere,2,16.575382858723344,3666,4.521381030748321,261677.0
2028,Tampere,2,16.840931326061266,3736,4.507743930958584,264062.0
2029,Tampere,2,17.095234344677536,3803,4.495197040409554,266346.0
2030,Tampere,2,17.335285705507957,3866,4.484036654295902,268502.0
2031,Tampere,2,17.558079199488326,3925,4.47339597439193,270503.0
2032,Tampere,2,17.763614826618642,3979,4.464341499527179,272349.0
2033,Tampere,2,17.951447222593096,4028,4.456665149601066,274036.0
2034,Tampere,2,18.119460906959098,4072,4.44976937793691,275545.0
2035,Tampere,2,18.26576308141697,4111,4.443143537197025,276859.0
2036,Tampere,2,18.38924033520219,4143,4.4386290937007455,277968.0
2037,Tampere,2,18.48989266831476,4170,4.434027018780518,278872.0
2038,Tampere,2,18.570948971971788,4191,4.431149838218036,279600.0
2039,Tampere,2,18.63775361784296,4209,4.428071660214531,280200.0
2040,Tampere,2,18.698100481279923,4225,4.425585912728976,280742.0
2023,Tampere,3,13.964642979363285,3121,4.474413002038861,250958.0
2024,Tampere,3,14.265956245024492,3195,4.465088026611735,253843.0
2025,Tampere,3,14.552438840417457,3265,4.457102248213617,256586.0
2026,Tampere,3,14.82450853090184,3332,4.449132212155414,259191.0
2027,Tampere,3,15.084149701936072,3396,4.4417401949163935,261677.0
2028,Tampere,3,15.333242297638668,3458,4.434136002787354,264062.0
2029,Tampere,3,15.57178631800962,3516,4.428835699092611,266346.0
2030,Tampere,3,15.796961846871168,3572,4.422441726447696,268502.0
2031,Tampere,3,16.005948968045544,3623,4.417871644506084,270503.0
2032,Tampere,3,16.19874768153275,3671,4.4126253559064965,272349.0
2033,Tampere,3,16.37494022197312,3714,4.4089769041392355,274036.0
2034,Tampere,3,16.53254220390822,3753,4.405153798003789,275545.0
2035,Tampere,3,16.669778124559457,3786,4.403005315520195,276859.0
2036,Tampere,3,16.78560357052767,3815,4.39989608663897,277968.0
2037,Tampere,3,16.880018541812845,3838,4.398128854041909,278872.0
2038,Tampere,3,16.95605183727259,3857,4.39617626063588,279600.0
2039,Tampere,3,17.018716641222923,3872,4.395329711059639,280200.0
2040,Tampere,3,17.075323847458066,3886,4.394061720910464,280742.0
2023,Turku,1,18.655180297316065,4061,4.593740531227793,198764.0
2024,Turku,1,18.954991163706694,4165,4.551018286604249,200019.0
2025,Turku,1,19.247635236478423,4267,4.510812101354212,201244.0
2026,Turku,1,19.533351408751876,4366,4.473969630955537,202440.0
2027,Turku,1,19.811661894285805,4463,4.439090722448086,203605.0
2028,Turku,1,20.083522265562728,4558,4.406213748478001,204743.0
2029,Turku,1,20.348693629462005,4650,4.3760631461208614,205853.0
2030,Turku,1,20.60096476484727,4738,4.348029709760926,206909.0
2031,Turku,1,20.83245219873772,4818,4.323879659347804,207878.0
2032,Turku,1,21.041005893047696,4891,4.301984439388202,208751.0
2033,Turku,1,21.225431382174037,4955,4.2836390276839635,209523.0
2034,Turku,1,21.38214526930731,5009,4.268745312299322,210179.0
2035,Turku,1,21.50613079891427,5052,4.25695383984843,210698.0
2036,Turku,1,21.5964323985124,5084,4.247921400179465,211076.0
2037,Turku,1,21.651138923136664,5103,4.242825577726173,211305.0
2038,Turku,1,21.675744914561555,5111,4.240998809344855,211408.0
2039,Turku,1,21.680044990732895,5113,4.240180909589848,211426.0
2040,Turku,1,21.681000563215413,5113,4.240367800355059,211430.0
2023,Turku,2,14.39996864767727,2954,4.874735493458791,198764.0
2024,Turku,2,14.647819399757651,3019,4.851877906511312,200019.0
2025,Turku,2,14.889745432664789,3083,4.829628748837103,201244.0
2026,Turku,2,15.125944237037807,3145,4.809521220043818,202440.0
2027,Turku,2,15.356020831598478,3205,4.791270150264736,203605.0
2028,Turku,2,15.580765178903235,3264,4.77351874353653,204743.0
2029,Turku,2,15.799979788312974,3322,4.756164897144183,205853.0
2030,Turku,2,16.008529903210885,3377,4.740458958605533,206909.0
2031,Turku,2,16.199898332506415,3427,4.727136951417104,207878.0
2032,Turku,2,16.37230766044759,3472,4.715526399898499,208751.0
2033,Turku,2,16.524770433838867,3512,4.705230761343641,209523.0
2034,Turku,2,16.65432429309363,3546,4.696650956879196,210179.0
2035,Turku,2,16.756821934790615,3573,4.689846609233309,210698.0
2036,Turku,2,16.83147339637339,3593,4.684518061890729,211076.0
2037,Turku,2,16.87669875272909,3605,4.681469834321523,211305.0
2038,Turku,2,16.8970402885572,3610,4.680620578547701,211408.0
2039,Turku,2,16.900595120061148,3611,4.680308811980379,211426.0
2040,Turku,2,16.90138508261758,3611,4.680527577573408,211430.0
2023,Turku,3,12.455282367353092,2529,4.924983142488371,198764.0
2024,Turku,3,12.656221620474085,2575,4.915037522514208,200019.0
2025,Turku,3,12.852357544835222,2620,4.905479978944741,201244.0
2026,Turku,3,13.043850251395149,2664,4.896340184457638,202440.0
2027,Turku,3,13.230379518236553,2707,4.887469345488198,203605.0
2028,Turku,3,13.412585789194075,2749,4.879078133573691,204743.0
2029,Turku,3,13.590308953309062,2790,4.8710784778885525,205853.0
2030,Turku,3,13.759386125656292,2829,4.8636925152549635,206909.0
2031,Turku,3,13.914533644599913,2864,4.858426551885445,207878.0
2032,Turku,3,14.054310511511964,2896,4.853007773312142,208751.0
2033,Turku,3,14.177916171599144,2925,4.847150827897143,209523.0
2034,Turku,3,14.282948960481512,2949,4.843319416914721,210179.0
2035,Turku,3,14.366046548027171,2968,4.840312179254438,210698.0
2036,Turku,3,14.426568490401465,2982,4.837883464252672,211076.0
2037,Turku,3,14.46323389993509,2990,4.837201973222439,211305.0
2038,Turku,3,14.479725328677297,2994,4.836247604768636,211408.0
2039,Turku,3,14.482607325933216,2995,4.835595100478536,211426.0
2040,Turku,3,14.483247769767864,2995,4.835808938152876,211430.0
2023,Jyväskylä,1,19.063079994504786,2748,6.937074233808146,146679.0
2024,Jyväskylä,1,19.347762931627518,2783,6.952124661023183,147567.0
2025,Jyväskylä,1,19.615775246306125,2816,6.965829277807573,148403.0
2026,Jyväskylä,1,19.863269871822734,2847,6.9769124944934084,149175.0
2027,Jyväskylä,1,20.09441446378838,2875,6.989361552622045,149896.0
2028,Jyväskylä,1,20.309529611096206,2902,6.998459548964923,150567.0
2029,Jyväskylä,1,20.509577080425696,2927,7.007030092390057,151191.0
2030,Jyväskylä,1,20.69199216063159,2949,7.0166131436526245,151760.0
2031,Jyväskylä,1,20.852607196102856,2969,7.023444660189578,152261.0
2032,Jyväskylä,1,20.99078100905319,2987,7.027378978591627,152692.0
2033,Jyväskylä,1,21.103628299444186,3000,7.034542766481395,153044.0
2034,Jyväskylä,1,21.187943178344273,3011,7.036845957603545,153307.0
2035,Jyväskylä,1,21.240840345715053,3017,7.040384602490903,153472.0
2036,Jyväskylä,1,21.26264039044968,3020,7.040609400811152,153540.0
2037,Jyväskylä,1,21.25654920147971,3019,7.040923882570292,153521.0
2038,Jyväskylä,1,21.22769620109565,3016,7.038360809381847,153431.0
2039,Jyväskylä,1,21.1840961116264,3010,7.037905684925714,153295.0
2040,Jyväskylä,1,21.1350460109735,3004,7.0356344910031625,153142.0
2023,Jyväskylä,2,14.238400053638607,2166,6.573591899186799,146679.0
2024,Jyväskylä,2,14.447400835472592,2187,6.60603604731257,147567.0
2025,Jyväskylä,2,14.644162832784765,2206,6.638333106430084,148403.0
2026,Jyväskylä,2,14.82586171068548,2224,6.666304726027644,149175.0
2027,Jyväskylä,2,14.995557165305193,2241,6.691457905089332,149896.0
2028,Jyväskylä,2,15.153484557884703,2256,6.716970105445347,150567.0
2029,Jyväskylä,2,15.300349972146421,2271,6.737274316224756,151191.0
2030,Jyväskylä,2,15.434270518163913,2284,6.7575615228388415,151760.0
2031,Jyväskylä,2,15.552186499806737,2295,6.776551851767641,152261.0
2032,Jyväskylä,2,15.653627194593277,2305,6.7911614727085805,152692.0
2033,Jyväskylä,2,15.7364743513563,2313,6.803490856617509,153044.0
2034,Jyväskylä,2,15.798374357687763,2320,6.809644119693001,153307.0
2035,Jyväskylä,2,15.837208962420426,2323,6.817567353603283,153472.0
2036,Jyväskylä,2,15.853213526795102,2325,6.818586463137678,153540.0
2037,Jyväskylä,2,15.848741663219826,2325,6.816663080954764,153521.0
2038,Jyväskylä,2,15.827559151547462,2322,6.816347610485557,153431.0
2039,Jyväskylä,2,15.79555002279811,2319,6.811362666148388,153295.0
2040,Jyväskylä,2,15.759539752955092,2316,6.804637199030696,153142.0
2023,Jyväskylä,3,12.513297273397013,2094,5.975786663513378,146679.0
2024,Jyväskylä,3,12.677528472964736,2115,5.9941032969100405,147567.0
2025,Jyväskylä,3,12.83214253021543,2134,6.0131876898853935,148403.0
2026,Jyväskylä,3,12.974920104614393,2152,6.02923796682825,149175.0
2027,Jyväskylä,3,13.108265481740888,2169,6.043460341973669,149896.0
2028,Jyväskylä,3,13.232363606639469,2185,6.0560016506359124,150567.0
2029,Jyväskylä,3,13.347769314443815,2199,6.069926927896232,151191.0
2030,Jyväskylä,3,13.453003044797457,2212,6.0818277779373675,151760.0
2031,Jyväskylä,3,13.545660512121136,2224,6.09067469070195,152261.0
2032,Jyväskylä,3,13.625371826325742,2234,6.099092133538828,152692.0
2033,Jyväskylä,3,13.690472482010241,2242,6.106365959861838,153044.0
2034,Jyväskylä,3,13.73911302872906,2248,6.111705083954209,153307.0
2035,Jyväskylä,3,13.76962896108117,2252,6.114400071528051,153472.0
2036,Jyväskylä,3,13.782205224111133,2254,6.114554225426413,153540.0
2037,Jyväskylä,3,13.778691268264526,2253,6.115708507884832,153521.0
2038,Jyväskylä,3,13.762046214254282,2251,6.113747762885065,153431.0
2039,Jyväskylä,3,13.736893688194362,2248,6.110717832826674,153295.0
2040,Jyväskylä,3,13.70859709637695,2245,6.106279330234721,153142.0
2023,Oulu,1,17.393957415337752,2983,5.831028298805817,213195.0
2024,Oulu,1,17.690852850036507,3057,5.786997988235691,214895.0
2025,Oulu,1,17.971331713640154,3127,5.747147973661706,216501.0
2026,Oulu,1,18.236267228015457,3193,5.711327036647497,218018.0
2027,Oulu,1,18.48915228062946,3257,5.676743101206466,219466.0
2028,Oulu,1,18.73033616022886,3317,5.646770021172402,220847.0
2029,Oulu,1,18.959294933693606,3374,5.619233827413636,222158.0
2030,Oulu,1,19.17428215729018,3427,5.595063366585987,223389.0
2031,Oulu,1,19.3737260316584,3477,5.5719660718028186,224531.0
2032,Oulu,1,19.55640404618481,3523,5.551065582226742,225577.0
2033,Oulu,1,19.723538711482874,3564,5.534101770898674,226534.0
2034,Oulu,1,19.87111320696549,3601,5.518220829482224,227379.0
2035,Oulu,1,19.99895288825931,3633,5.504803987960174,228111.0
2036,Oulu,1,20.107930977231085,3660,5.49397021235822,228735.0
2037,Oulu,1,20.19839676262753,3683,5.484223937721295,229253.0
2038,Oulu,1,20.27227133255552,3701,5.477511843435698,229676.0
2039,Oulu,1,20.33322221885544,3716,5.47180361110211,230025.0
2040,Oulu,1,20.38683804147457,3730,5.465640225596399,230332.0
2023,Oulu,2,13.283747604475021,2315,5.738119915539966,213195.0
2024,Oulu,2,13.491187736118452,2358,5.721453662476018,214895.0
2025,Oulu,2,13.687157648718074,2400,5.702982353632531,216501.0
2026,Oulu,2,13.872267460308123,2439,5.687686535591687,218018.0
2027,Oulu,2,14.048957643025588,2476,5.674053975373824,219466.0
2028,Oulu,2,14.217472244084167,2511,5.662075764270875,220847.0
2029,Oulu,2,14.37744519266331,2545,5.6492908419109265,222158.0
2030,Oulu,2,14.527656252694523,2576,5.639618110518061,223389.0
2031,Oulu,2,14.667007211716172,2606,5.6281685386478015,224531.0
2032,Oulu,2,14.794643904480306,2632,5.621065313252396,225577.0
2033,Oulu,2,14.911420496234875,2657,5.612126645176844,226534.0
2034,Oulu,2,15.014530444022345,2679,5.604527974625735,227379.0
2035,Oulu,2,15.10385172423587,2697,5.600241647844223,228111.0
2036,Oulu,2,15.179994454909696,2713,5.59527993177652,228735.0
2037,Oulu,2,15.243202683257518,2727,5.589733290523475,229253.0
2038,Oulu,2,15.29481866895468,2737,5.588169042365611,229676.0
2039,Oulu,2,15.337404907745007,2746,5.585362311633288,230025.0
2040,Oulu,2,15.374866155047673,2754,5.5827400708234105,230332.0
2023,Oulu,3,11.983266858462406,2238,5.354453466694552,213195.0
2024,Oulu,3,12.171246609121548,2276,5.347647895044617,214895.0
2025,Oulu,3,12.348832185332478,2311,5.343501594691682,216501.0
2026,Oulu,3,12.516576468714783,2345,5.3375592617120615,218018.0
2027,Oulu,3,12.676690985746804,2377,5.333063098757595,219466.0
2028,Oulu,3,12.82939688907638,2408,5.327822628353979,220847.0
2029,Oulu,3,12.974362449731752,2437,5.323907447571503,222158.0
2030,Oulu,3,13.110481904473756,2465,5.318653916622213,223389.0
2031,Oulu,3,13.236760066387133,2490,5.315967898147443,224531.0
2032,Oulu,3,13.352422901204465,2513,5.313339793555298,225577.0
2033,Oulu,3,13.458244443193168,2535,5.308972166940105,226534.0
2034,Oulu,3,13.551681436903154,2553,5.308140006620898,227379.0
2035,Oulu,3,13.632623306010503,2570,5.30452268716362,228111.0
2036,Oulu,3,13.701622932134798,2584,5.302485654850928,228735.0
2037,Oulu,3,13.758901467923879,2595,5.302081490529433,229253.0
2038,Oulu,3,13.805675252940832,2605,5.299683398441778,229676.0
2039,Oulu,3,13.844266389987913,2612,5.300255126335342,230025.0
2040,Oulu,3,13.878213321430477,2619,5.2990505236466126,230332.0
