Year,City,Rooms,Rent per m2,Rental apartment count,Sales price per m2,Sold apartments count,Total population
2011,Helsinki,1,18.83,9050,4645,3154,591966.5
2011,Helsinki,2,14.2,5949,3966,4973,591966.5
2011,Helsinki,3,12.22,2181,3987,3476,591966.5
2011,Espoo-Kauniainen,1,15.72,1217,3525,370,258952.5
2011,Espoo-Kauniainen,2,13.88,1318,3209,1085,258952.5
2011,Espoo-Kauniainen,3,11.69,661,2959,1225,258952.5
2011,Vantaa,1,14.54,1243,3177,398,201528.0
2011,Vantaa,2,12.62,1343,2675,1107,201528.0
2011,Vantaa,3,11.36,830,2429,887,201528.0
2011,Porvoo,1,13.82,263,2811,95,48800.5
2011,Porvoo,2,10.65,289,2393,192,48800.5
2011,Porvoo,3,9.39,143,2264,119,48800.5
2011,Tampere,1,14.26,4264,2691,836,214192.5
2011,Tampere,2,11.36,3715,2348,1722,214192.5
2011,Tampere,3,10.03,1256,2244,1105,214192.5
2011,Turku,1,13.69,4120,2444,729,177978.0
2011,Turku,2,10.68,2897,1980,1503,177978.0
2011,Turku,3,9.27,1140,1846,1088,177978.0
2011,Pori,1,11.68,1465,1738,268,85052.0
2011,Pori,2,9.22,1486,1451,615,85052.0
2011,Pori,3,8.18,629,1438,341,85052.0
2011,Lappeenranta,1,13.01,742,1950,181,72057.5
2011,Lappeenranta,2,10.37,678,1804,403,72057.5
2011,Lappeenranta,3,9.13,285,1803,231,72057.5
2011,Kotka,1,11.92,848,1287,216,54827.5
2011,Kotka,2,9.48,707,1284,348,54827.5
2011,Kotka,3,8.43,269,1415,180,54827.5
2011,Kouvola,1,11.06,918,1115,172,87819.5
2011,Kouvola,2,9.01,901,1163,395,87819.5
2011,Kouvola,3,7.56,397,1188,215,87819.5
2011,Lahti,1,13.22,1882,1977,391,116958.5
2011,Lahti,2,10.71,1727,1731,961,116958.5
2011,Lahti,3,9.35,623,1726,635,116958.5
2011,Hämeenlinna,1,13.18,705,2032,168,67049.5
2011,Hämeenlinna,2,10.83,697,1882,334,67049.5
2011,Hämeenlinna,3,9.04,264,1860,201,67049.5
2011,Kuopio,1,13.81,1304,2353,248,112627.5
2011,Kuopio,2,10.8,1557,1983,724,112627.5
2011,Kuopio,3,9.22,515,1992,498,112627.5
2011,Jyväskylä,1,14.21,1739,2153,371,131439.0
2011,Jyväskylä,2,10.75,2219,1811,959,131439.0
2011,Jyväskylä,3,9.62,731,1818,472,131439.0
2011,Vaasa,1,12.58,763,2111,187,64759.0
2011,Vaasa,2,10.15,845,1925,414,64759.0
2011,Vaasa,3,8.51,389,1857,329,64759.0
2011,Seinäjoki,1,11.84,535,1808,47,58257.0
2011,Seinäjoki,2,9.91,735,1692,179,58257.0
2011,Seinäjoki,3,8.46,319,1580,126,58257.0
2011,Mikkeli,1,12.34,499,1800,121,54492.5
2011,Mikkeli,2,9.97,506,1686,262,54492.5
2011,Mikkeli,3,8.63,194,1635,200,54492.5
2011,Joensuu,1,13.41,1089,2416,165,73531.5
2011,Joensuu,2,10.11,1099,2077,304,73531.5
2011,Joensuu,3,9.28,402,1854,221,73531.5
2011,Oulu,1,13.1,2494,2020,302,186766.5
2011,Oulu,2,10.43,2981,1732,883,186766.5
2011,Oulu,3,9.28,1098,1720,557,186766.5
2011,Rovaniemi,1,13.29,833,1917,126,60363.5
2011,Rovaniemi,2,10.65,979,1600,296,60363.5
2011,Rovaniemi,3,8.93,415,1506,192,60363.5
2012,Helsinki,1,19.64,8577,4914,2968,599676.0
2012,Helsinki,2,14.93,5831,4135,4836,599676.0
2012,Helsinki,3,12.93,2228,4042,3766,599676.0
2012,Espoo-Kauniainen,1,16.24,1231,3878,335,263490.0
2012,Espoo-Kauniainen,2,14.23,1305,3364,1114,263490.0
2012,Espoo-Kauniainen,3,12.48,675,3073,1228,263490.0
2012,Vantaa,1,15.4,1337,3290,429,204156.5
2012,Vantaa,2,13.15,1361,2766,1109,204156.5
2012,Vantaa,3,11.56,783,2550,945,204156.5
2012,Porvoo,1,14.1,276,2929,73,48930.5
2012,Porvoo,2,11.18,303,2431,189,48930.5
2012,Porvoo,3,9.49,166,2311,105,48930.5
2012,Tampere,1,14.63,4124,2761,835,216294.5
2012,Tampere,2,11.64,3421,2405,1704,216294.5
2012,Tampere,3,10.31,1119,2308,1128,216294.5
2012,Turku,1,14.14,3996,2495,578,179427.5
2012,Turku,2,10.96,2856,2035,1430,179427.5
2012,Turku,3,9.67,1049,1899,1076,179427.5
2012,Pori,1,11.93,1299,1724,228,85139.5
2012,Pori,2,9.45,1340,1398,555,85139.5
2012,Pori,3,8.42,557,1496,316,85139.5
2012,Lappeenranta,1,13.36,691,2030,172,72278.5
2012,Lappeenranta,2,10.59,584,1816,367,72278.5
2012,Lappeenranta,3,9.31,257,1864,214,72278.5
2012,Kotka,1,12.35,786,1291,173,54852.0
2012,Kotka,2,9.82,656,1353,289,54852.0
2012,Kotka,3,8.62,247,1533,185,54852.0
2012,Kouvola,1,11.27,928,1149,167,87431.5
2012,Kouvola,2,9.32,858,1180,389,87431.5
2012,Kouvola,3,7.74,358,1196,202,87431.5
2012,Lahti,1,13.69,1625,2047,353,117716.5
2012,Lahti,2,11.07,1532,1771,831,117716.5
2012,Lahti,3,9.65,554,1735,595,117716.5
2012,Hämeenlinna,1,13.57,590,2156,138,67383.5
2012,Hämeenlinna,2,11.06,605,1934,297,67383.5
2012,Hämeenlinna,3,9.7,259,1828,195,67383.5
2012,Kuopio,1,14.26,1322,2376,200,113487.0
2012,Kuopio,2,11.26,1441,2014,690,113487.0
2012,Kuopio,3,9.71,491,1905,496,113487.0
2012,Jyväskylä,1,14.64,1708,2091,316,132772.0
2012,Jyväskylä,2,11.09,2170,1795,849,132772.0
2012,Jyväskylä,3,9.84,691,1745,518,132772.0
2012,Vaasa,1,13.08,740,2261,157,65423.5
2012,Vaasa,2,10.41,798,1990,381,65423.5
2012,Vaasa,3,8.92,354,1860,343,65423.5
2012,Seinäjoki,1,12.46,495,2291,54,59129.5
2012,Seinäjoki,2,10.15,646,1811,150,59129.5
2012,Seinäjoki,3,8.59,290,1851,105,59129.5
2012,Mikkeli,1,13.04,461,1724,133,54524.5
2012,Mikkeli,2,10.58,472,1896,252,54524.5
2012,Mikkeli,3,8.8,173,1647,164,54524.5
2012,Joensuu,1,14.02,1129,2604,139,73963.0
2012,Joensuu,2,10.46,1098,2146,270,73963.0
2012,Joensuu,3,9.35,387,1879,189,73963.0
2012,Oulu,1,13.44,2331,1950,328,189480.5
2012,Oulu,2,10.69,2513,1744,873,189480.5
2012,Oulu,3,9.66,881,1736,577,189480.5
2012,Rovaniemi,1,13.7,872,1923,120,60757.0
2012,Rovaniemi,2,10.86,900,1635,271,60757.0
2012,Rovaniemi,3,8.94,362,1491,183,60757.0
2013,Helsinki,1,20.42,9045,5203,2557,608316.0
2013,Helsinki,2,15.63,6183,4310,4114,608316.0
2013,Helsinki,3,13.77,2309,4174,3212,608316.0
2013,Espoo-Kauniainen,1,16.93,1375,3931,336,267794.0
2013,Espoo-Kauniainen,2,14.55,1459,3449,1049,267794.0
2013,Espoo-Kauniainen,3,12.45,720,3084,1113,267794.0
2013,Vantaa,1,16.13,1434,3317,421,206705.0
2013,Vantaa,2,13.62,1529,2807,1101,206705.0
2013,Vantaa,3,12.41,827,2587,784,206705.0
2013,Porvoo,1,14.47,308,2859,50,49227.0
2013,Porvoo,2,11.42,296,2397,172,49227.0
2013,Porvoo,3,9.63,160,2343,107,49227.0
2013,Tampere,1,15.15,4499,2880,735,218933.5
2013,Tampere,2,12.18,3606,2464,1460,218933.5
2013,Tampere,3,10.7,1270,2379,936,218933.5
2013,Turku,1,14.6,4306,2694,584,181148.5
2013,Turku,2,11.32,3052,2097,1253,181148.5
2013,Turku,3,9.82,1118,1926,1027,181148.5
2013,Pori,1,12.4,1381,1769,195,85300.0
2013,Pori,2,9.86,1399,1533,425,85300.0
2013,Pori,3,8.61,564,1631,246,85300.0
2013,Lappeenranta,1,13.68,687,2019,188,72541.0
2013,Lappeenranta,2,10.94,645,1857,379,72541.0
2013,Lappeenranta,3,9.64,232,1895,221,72541.0
2013,Kotka,1,12.65,799,1336,163,54822.0
2013,Kotka,2,10.07,741,1314,254,54822.0
2013,Kotka,3,8.83,296,1371,152,54822.0
2013,Kouvola,1,11.57,964,1207,171,87111.0
2013,Kouvola,2,9.71,949,1183,334,87111.0
2013,Kouvola,3,8.58,370,1188,179,87111.0
2013,Lahti,1,14.31,1752,2030,324,118223.5
2013,Lahti,2,11.45,1700,1792,861,118223.5
2013,Lahti,3,10.05,571,1766,549,118223.5
2013,Hämeenlinna,1,13.87,624,2195,148,67651.5
2013,Hämeenlinna,2,11.15,630,1981,281,67651.5
2013,Hämeenlinna,3,10.07,242,1893,174,67651.5
2013,Kuopio,1,14.75,1425,2393,172,114581.5
2013,Kuopio,2,11.64,1611,2053,652,114581.5
2013,Kuopio,3,10.28,510,1953,404,114581.5
2013,Jyväskylä,1,15.08,1835,2212,341,134070.0
2013,Jyväskylä,2,11.63,2371,1837,837,134070.0
2013,Jyväskylä,3,10.39,748,1699,478,134070.0
2013,Vaasa,1,13.61,773,2366,153,65997.5
2013,Vaasa,2,10.6,868,2059,329,65997.5
2013,Vaasa,3,9.46,379,1878,283,65997.5
2013,Seinäjoki,1,12.79,536,2209,49,59955.0
2013,Seinäjoki,2,10.63,784,1954,139,59955.0
2013,Seinäjoki,3,9.17,310,1779,117,59955.0
2013,Mikkeli,1,13.26,566,2089,93,54577.0
2013,Mikkeli,2,10.77,557,1869,219,54577.0
2013,Mikkeli,3,9.11,229,1783,129,54577.0
2013,Joensuu,1,14.47,1159,2721,117,74319.5
2013,Joensuu,2,10.84,1158,2253,225,74319.5
2013,Joensuu,3,9.82,392,1996,140,74319.5
2013,Oulu,1,13.7,2658,2067,306,192322.5
2013,Oulu,2,10.9,3045,1772,851,192322.5
2013,Oulu,3,9.66,1150,1763,577,192322.5
2013,Rovaniemi,1,13.82,871,1918,104,61046.0
2013,Rovaniemi,2,11.13,1045,1624,230,61046.0
2013,Rovaniemi,3,9.41,422,1419,150,61046.0
2014,Helsinki,1,21.55,9710,5353,2325,616689.5
2014,Helsinki,2,16.36,6623,4365,3681,616689.5
2014,Helsinki,3,14.31,2540,4181,3041,616689.5
2014,Espoo-Kauniainen,1,18.0,1432,3973,304,272377.0
2014,Espoo-Kauniainen,2,15.49,1578,3449,874,272377.0
2014,Espoo-Kauniainen,3,13.37,785,3106,954,272377.0
2014,Vantaa,1,16.85,1650,3470,325,209450.5
2014,Vantaa,2,14.34,1836,2860,873,209450.5
2014,Vantaa,3,13.03,971,2560,688,209450.5
2014,Porvoo,1,14.77,398,2922,69,49577.0
2014,Porvoo,2,11.74,354,2380,135,49577.0
2014,Porvoo,3,10.24,185,2266,96,49577.0
2014,Tampere,1,15.7,4954,2996,655,221725.0
2014,Tampere,2,12.54,4197,2525,1338,221725.0
2014,Tampere,3,11.01,1485,2380,897,221725.0
2014,Turku,1,14.98,4630,2696,501,182948.0
2014,Turku,2,11.47,3346,2124,1219,182948.0
2014,Turku,3,9.99,1236,1971,913,182948.0
2014,Pori,1,12.51,1545,1631,164,85408.5
2014,Pori,2,9.92,1677,1464,392,85408.5
2014,Pori,3,8.71,678,1534,225,85408.5
2014,Lappeenranta,1,14.21,720,2070,138,72726.0
2014,Lappeenranta,2,11.24,758,1853,291,72726.0
2014,Lappeenranta,3,9.51,268,1843,159,72726.0
2014,Kotka,1,12.92,905,1298,115,54644.5
2014,Kotka,2,10.26,905,1288,255,54644.5
2014,Kotka,3,8.89,309,1374,114,54644.5
2014,Kouvola,1,11.85,1039,1147,124,86689.5
2014,Kouvola,2,9.73,1039,1138,262,86689.5
2014,Kouvola,3,8.64,408,1182,170,86689.5
2014,Lahti,1,14.78,1923,2221,244,118496.5
2014,Lahti,2,11.73,1862,1871,681,118496.5
2014,Lahti,3,10.33,577,1829,421,118496.5
2014,Hämeenlinna,1,14.03,721,2167,122,67891.0
2014,Hämeenlinna,2,11.4,763,1965,259,67891.0
2014,Hämeenlinna,3,10.15,289,1918,175,67891.0
2014,Kuopio,1,15.13,1573,2563,177,115639.5
2014,Kuopio,2,12.03,1773,2098,536,115639.5
2014,Kuopio,3,10.66,522,1983,348,115639.5
2014,Jyväskylä,1,15.6,2044,2184,323,135219.0
2014,Jyväskylä,2,11.73,2685,1823,772,135219.0
2014,Jyväskylä,3,10.56,802,1691,426,135219.0
2014,Vaasa,1,13.96,887,2368,145,66643.0
2014,Vaasa,2,10.81,977,2027,271,66643.0
2014,Vaasa,3,9.47,364,1928,236,66643.0
2014,Seinäjoki,1,13.23,630,2278,52,60617.0
2014,Seinäjoki,2,10.82,894,1965,163,60617.0
2014,Seinäjoki,3,9.43,373,2017,111,60617.0
2014,Mikkeli,1,13.39,583,2109,79,54620.0
2014,Mikkeli,2,10.72,597,1922,182,54620.0
2014,Mikkeli,3,9.59,290,1786,105,54620.0
2014,Joensuu,1,14.72,1262,2655,117,74756.0
2014,Joensuu,2,11.16,1242,2149,230,74756.0
2014,Joensuu,3,9.74,474,1873,148,74756.0
2014,Oulu,1,14.04,3015,2124,297,195044.5
2014,Oulu,2,11.01,3324,1770,743,195044.5
2014,Oulu,3,9.82,1307,1788,483,195044.5
2014,Rovaniemi,1,14.05,974,1699,145,61383.0
2014,Rovaniemi,2,11.21,1121,1542,242,61383.0
2014,Rovaniemi,3,9.67,467,1573,147,61383.0
2015,Helsinki,1,22.97,34702,5439,2761,624461.5
2015,Helsinki,2,15.97,27355,4434,4065,624461.5
2015,Helsinki,3,14.78,11993,4248,3289,624461.5
2015,Espoo-Kauniainen,1,19.74,6202,3959,414,277094.0
2015,Espoo-Kauniainen,2,14.89,9814,3394,974,277094.0
2015,Espoo-Kauniainen,3,13.78,5859,3069,1058,277094.0
2015,Vantaa,1,18.73,6626,3309,484,212704.0
2015,Vantaa,2,14.87,12335,2625,953,212704.0
2015,Vantaa,3,14.01,7107,2284,757,212704.0
2015,Porvoo,1,16.14,1363,2601,104,49828.0
2015,Porvoo,2,11.6,1831,2390,153,49828.0
2015,Porvoo,3,11.2,660,2363,115,49828.0
2015,Turku,1,15.27,14256,2786,510,184866.0
2015,Turku,2,10.59,11337,2137,1262,184866.0
2015,Turku,3,9.75,3473,1935,872,184866.0
2015,Pori,1,13.13,3530,1642,186,85390.5
2015,Pori,2,9.56,3826,1375,319,85390.5
2015,Pori,3,8.88,1320,1447,212,85390.5
2015,Hämeenlinna,1,15.13,2362,2277,236,67993.5
2015,Hämeenlinna,2,11.8,2461,1976,316,67993.5
2015,Hämeenlinna,3,11.13,856,1926,199,67993.5
2015,Tampere,1,16.44,17996,2969,671,224061.0
2015,Tampere,2,11.65,16266,2493,1400,224061.0
2015,Tampere,3,10.99,5084,2349,998,224061.0
2015,Lahti,1,15.2,6603,2146,279,118693.5
2015,Lahti,2,11.67,6526,1851,712,118693.5
2015,Lahti,3,10.54,1692,1869,467,118693.5
2015,Kotka,1,13.31,2402,1239,108,54418.5
2015,Kotka,2,10.33,1882,1241,258,54418.5
2015,Kotka,3,9.42,526,1347,140,54418.5
2015,Kouvola,1,12.31,2560,1129,152,86154.0
2015,Kouvola,2,9.82,2484,1183,301,86154.0
2015,Kouvola,3,9.55,837,1210,144,86154.0
2015,Lappeenranta,1,14.51,1897,2051,121,72834.5
2015,Lappeenranta,2,11.25,2077,1858,248,72834.5
2015,Lappeenranta,3,10.39,642,1826,160,72834.5
2015,Mikkeli,1,14.89,1663,2054,68,54635.0
2015,Mikkeli,2,9.76,1333,1875,193,54635.0
2015,Mikkeli,3,9.32,516,1723,126,54635.0
2015,Kuopio,1,15.93,5342,2553,217,116546.0
2015,Kuopio,2,11.03,5874,2083,547,116546.0
2015,Kuopio,3,10.43,1511,2009,333,116546.0
2015,Joensuu,1,15.04,4230,2593,124,75277.5
2015,Joensuu,2,9.89,3534,2100,223,75277.5
2015,Joensuu,3,9.6,898,1883,147,75277.5
2015,Jyväskylä,1,15.71,7418,2382,367,136574.0
2015,Jyväskylä,2,11.08,9718,1985,853,136574.0
2015,Jyväskylä,3,10.37,2816,1950,441,136574.0
2015,Seinäjoki,1,13.58,1998,2279,65,61205.0
2015,Seinäjoki,2,9.97,2420,2008,168,61205.0
2015,Seinäjoki,3,9.38,864,1832,105,61205.0
2015,Vaasa,1,14.41,2547,2530,134,67292.0
2015,Vaasa,2,9.43,2240,2041,301,67292.0
2015,Vaasa,3,8.38,636,1945,272,67292.0
2015,Oulu,1,14.3,10122,2212,286,197408.0
2015,Oulu,2,10.58,10148,1907,726,197408.0
2015,Oulu,3,9.82,3455,1839,494,197408.0
2015,Rovaniemi,1,14.73,2767,2088,113,61694.5
2015,Rovaniemi,2,10.59,3026,1595,259,61694.5
2015,Rovaniemi,3,10.28,1150,1563,155,61694.5
2016,Helsinki,1,23.71,29214,5660,2356,631694.5
2016,Helsinki,2,16.69,23440,4536,4136,631694.5
2016,Helsinki,3,15.57,11080,4334,3249,631694.5
2016,Espoo-Kauniainen,1,20.61,5874,4087,339,281634.0
2016,Espoo-Kauniainen,2,15.52,9401,3471,970,281634.0
2016,Espoo-Kauniainen,3,14.34,5756,3193,1061,281634.0
2016,Vantaa,1,19.43,6025,3303,296,216973.0
2016,Vantaa,2,15.45,11813,2633,966,216973.0
2016,Vantaa,3,14.48,7056,2306,750,216973.0
2016,Porvoo,1,16.52,1131,2918,71,50036.0
2016,Porvoo,2,11.87,1479,2556,172,50036.0
2016,Porvoo,3,11.81,578,2563,119,50036.0
2016,Turku,1,15.67,12598,3008,515,186756.0
2016,Turku,2,11.11,9450,2216,1254,186756.0
2016,Turku,3,10.14,2965,1990,1035,186756.0
2016,Pori,1,13.42,3078,1648,196,85211.0
2016,Pori,2,9.87,3124,1430,339,85211.0
2016,Pori,3,9.2,1074,1513,269,85211.0
2016,Hämeenlinna,1,15.51,1917,2073,130,67930.5
2016,Hämeenlinna,2,12.21,2118,1917,289,67930.5
2016,Hämeenlinna,3,11.25,760,1914,154,67930.5
2016,Tampere,1,16.73,14649,3146,673,226696.0
2016,Tampere,2,11.97,13285,2551,1477,226696.0
2016,Tampere,3,11.32,4445,2425,1026,226696.0
2016,Lahti,1,15.64,5833,2193,256,119097.5
2016,Lahti,2,12.41,5368,1780,718,119097.5
2016,Lahti,3,11.23,1476,1786,474,119097.5
2016,Kotka,1,13.49,1975,1232,143,54253.0
2016,Kotka,2,10.39,1472,1221,235,54253.0
2016,Kotka,3,9.68,473,1349,144,54253.0
2016,Kouvola,1,12.46,2246,1102,112,85580.5
2016,Kouvola,2,10.0,1931,1103,244,85580.5
2016,Kouvola,3,9.61,688,1105,154,85580.5
2016,Lappeenranta,1,14.79,1706,2105,135,72873.5
2016,Lappeenranta,2,11.91,1728,1817,319,72873.5
2016,Lappeenranta,3,10.41,547,1856,150,72873.5
2016,Mikkeli,1,14.91,1418,2134,88,54591.0
2016,Mikkeli,2,10.05,1024,1872,192,54591.0
2016,Mikkeli,3,9.63,349,1555,138,54591.0
2016,Kuopio,1,16.19,4681,2517,196,117330.5
2016,Kuopio,2,11.61,4637,2058,538,117330.5
2016,Kuopio,3,10.91,1291,1996,347,117330.5
2016,Joensuu,1,15.4,3625,2605,121,75681.0
2016,Joensuu,2,10.26,2711,2148,237,75681.0
2016,Joensuu,3,9.83,693,1969,140,75681.0
2016,Jyväskylä,1,16.05,6604,2539,394,138109.0
2016,Jyväskylä,2,11.44,7962,2036,961,138109.0
2016,Jyväskylä,3,10.77,2429,1958,523,138109.0
2016,Seinäjoki,1,13.9,1639,2205,57,61791.0
2016,Seinäjoki,2,10.19,1791,1963,150,61791.0
2016,Seinäjoki,3,9.56,676,1832,110,61791.0
2016,Vaasa,1,14.74,2187,2343,162,67619.5
2016,Vaasa,2,9.74,1669,2096,279,67619.5
2016,Vaasa,3,8.7,496,1949,229,67619.5
2016,Oulu,1,14.68,9164,2314,377,199525.5
2016,Oulu,2,10.88,8508,1915,789,199525.5
2016,Oulu,3,10.01,2973,1932,603,199525.5
2016,Rovaniemi,1,14.9,2388,1788,171,62034.5
2016,Rovaniemi,2,10.66,2429,1549,308,62034.5
2016,Rovaniemi,3,10.28,1013,1502,224,62034.5
2017,Helsinki,1,24.29,32243,5967,2298,639226.5
2017,Helsinki,2,18.0,27083,4786,4107,639226.5
2017,Helsinki,3,16.57,14220,4558,3426,639226.5
2017,Espoo-Kauniainen,1,21.01,6900,4171,306,286324.0
2017,Espoo-Kauniainen,2,16.42,11397,3661,989,286324.0
2017,Espoo-Kauniainen,3,14.94,7109,3264,1142,286324.0
2017,Vantaa,1,20.14,6751,3369,314,221184.0
2017,Vantaa,2,16.13,14134,2665,1013,221184.0
2017,Vantaa,3,14.86,8409,2321,852,221184.0
2017,Porvoo,1,17.14,980,3001,74,50151.5
2017,Porvoo,2,12.56,1120,2457,188,50151.5
2017,Porvoo,3,11.9,383,2455,135,50151.5
2017,Turku,1,16.06,13092,3140,487,188636.5
2017,Turku,2,12.05,10243,2301,1290,188636.5
2017,Turku,3,10.72,3199,2049,1080,188636.5
2017,Pori,1,13.43,2893,1693,214,84823.0
2017,Pori,2,10.14,2822,1418,341,84823.0
2017,Pori,3,9.35,813,1513,235,84823.0
2017,Hämeenlinna,1,15.92,1885,2178,129,67756.0
2017,Hämeenlinna,2,13.02,1817,1904,283,67756.0
2017,Hämeenlinna,3,11.81,729,1819,149,67756.0
2017,Tampere,1,17.61,17611,3167,720,230063.5
2017,Tampere,2,13.08,15440,2629,1424,230063.5
2017,Tampere,3,12.04,5196,2440,1006,230063.5
2017,Lahti,1,15.93,6012,2274,242,119512.5
2017,Lahti,2,12.64,6613,1852,625,119512.5
2017,Lahti,3,11.28,2043,1868,470,119512.5
2017,Kotka,1,13.67,1987,1288,137,53863.0
2017,Kotka,2,10.77,1402,1169,253,53863.0
2017,Kotka,3,9.8,486,1279,138,53863.0
2017,Kouvola,1,12.55,2293,1073,133,84751.0
2017,Kouvola,2,10.03,1941,1105,265,84751.0
2017,Kouvola,3,9.24,663,1132,154,84751.0
2017,Lappeenranta,1,15.98,1735,2081,135,72890.5
2017,Lappeenranta,2,12.62,1672,1854,272,72890.5
2017,Lappeenranta,3,11.14,581,1833,154,72890.5
2017,Mikkeli,1,15.36,1398,2072,111,54389.0
2017,Mikkeli,2,11.32,942,1914,230,54389.0
2017,Mikkeli,3,10.32,260,1710,132,54389.0
2017,Kuopio,1,16.79,5413,2653,166,117974.5
2017,Kuopio,2,13.04,5412,2081,565,117974.5
2017,Kuopio,3,11.64,1707,1947,346,117974.5
2017,Joensuu,1,15.91,3696,2628,124,75957.5
2017,Joensuu,2,11.37,2403,2099,224,75957.5
2017,Joensuu,3,9.86,529,1915,136,75957.5
2017,Jyväskylä,1,16.63,6945,2596,385,139519.0
2017,Jyväskylä,2,12.57,8317,2105,729,139519.0
2017,Jyväskylä,3,11.33,2846,1961,445,139519.0
2017,Seinäjoki,1,14.27,1581,2420,75,62364.0
2017,Seinäjoki,2,10.91,1853,2064,177,62364.0
2017,Seinäjoki,3,10.11,698,1737,130,62364.0
2017,Vaasa,1,15.11,2180,2496,183,67506.0
2017,Vaasa,2,10.83,1561,2046,355,67506.0
2017,Vaasa,3,9.52,482,1960,247,67506.0
2017,Oulu,1,15.22,10096,2377,354,201168.0
2017,Oulu,2,11.67,9208,1956,800,201168.0
2017,Oulu,3,10.71,3287,1901,643,201168.0
2017,Rovaniemi,1,15.54,2343,1891,122,62325.5
2017,Rovaniemi,2,11.85,2072,1775,297,62325.5
2017,Rovaniemi,3,10.59,853,1640,176,62325.5
2018,Helsinki,1,24.76,37988,6196,2289,645657.0
2018,Helsinki,2,18.83,32358,5014,3823,645657.0
2018,Helsinki,3,16.82,16460,4737,3389,645657.0
2018,Espoo-Kauniainen,1,21.13,7950,4266,298,290957.5
2018,Espoo-Kauniainen,2,16.74,13590,3682,1060,290957.5
2018,Espoo-Kauniainen,3,15.0,8173,3350,1141,290957.5
2018,Vantaa,1,20.75,8025,3398,307,225596.5
2018,Vantaa,2,16.36,16646,2735,1042,225596.5
2018,Vantaa,3,14.88,9571,2360,813,225596.5
2018,Porvoo,1,17.38,1059,3106,97,50210.5
2018,Porvoo,2,13.02,1021,2492,162,50210.5
2018,Porvoo,3,11.91,363,2518,123,50210.5
2018,Turku,1,16.37,14853,3276,499,190500.0
2018,Turku,2,12.83,12792,2416,1242,190500.0
2018,Turku,3,11.01,4138,2081,1031,190500.0
2018,Pori,1,13.63,3101,1782,180,84495.0
2018,Pori,2,10.38,3156,1400,306,84495.0
2018,Pori,3,9.45,837,1488,203,84495.0
2018,Hämeenlinna,1,18.12,1967,2059,130,67597.0
2018,Hämeenlinna,2,13.32,2523,1880,328,67597.0
2018,Hämeenlinna,3,11.71,855,1787,198,67597.0
2018,Tampere,1,17.68,20627,3374,643,233546.0
2018,Tampere,2,13.59,18017,2759,1364,233546.0
2018,Tampere,3,12.18,5839,2599,991,233546.0
2018,Lahti,1,16.01,6498,2325,280,119762.0
2018,Lahti,2,12.68,7765,1886,718,119762.0
2018,Lahti,3,11.14,2413,1747,470,119762.0
2018,Kotka,1,13.7,2126,1268,111,53211.0
2018,Kotka,2,10.76,1631,1208,219,53211.0
2018,Kotka,3,9.69,532,1265,116,53211.0
2018,Kouvola,1,12.7,2367,1033,101,83686.5
2018,Kouvola,2,10.23,2144,1080,227,83686.5
2018,Kouvola,3,9.25,753,1187,133,83686.5
2018,Lappeenranta,1,15.86,2145,2052,141,72804.0
2018,Lappeenranta,2,12.65,2006,1801,354,72804.0
2018,Lappeenranta,3,11.24,662,1813,203,72804.0
2018,Mikkeli,1,15.73,1623,1865,85,54039.5
2018,Mikkeli,2,11.76,1176,1723,226,54039.5
2018,Mikkeli,3,10.42,321,1629,126,54039.5
2018,Kuopio,1,17.11,6181,2657,253,118436.5
2018,Kuopio,2,13.61,6567,2085,628,118436.5
2018,Kuopio,3,11.9,1855,1926,578,118436.5
2018,Joensuu,1,16.02,4345,2549,113,76309.0
2018,Joensuu,2,12.63,2954,2108,239,76309.0
2018,Joensuu,3,10.4,575,1949,126,76309.0
2018,Jyväskylä,1,16.92,8143,2712,380,140746.5
2018,Jyväskylä,2,13.25,9954,2149,743,140746.5
2018,Jyväskylä,3,11.57,3289,1968,474,140746.5
2018,Seinäjoki,1,14.48,1734,2400,61,62982.0
2018,Seinäjoki,2,11.39,2261,1937,130,62982.0
2018,Seinäjoki,3,10.35,831,1801,120,62982.0
2018,Vaasa,1,15.43,2876,2401,189,67472.0
2018,Vaasa,2,11.79,2230,1985,331,67472.0
2018,Vaasa,3,9.87,618,1885,245,67472.0
2018,Oulu,1,15.49,11572,2447,394,202688.5
2018,Oulu,2,12.12,11059,2008,862,202688.5
2018,Oulu,3,10.85,3856,1979,693,202688.5
2018,Rovaniemi,1,15.81,2935,2092,120,62671.0
2018,Rovaniemi,2,12.49,2860,1758,340,62671.0
2018,Rovaniemi,3,10.8,1051,1600,208,62671.0
2019,Helsinki,1,25.4,39629,6445,2411,650938.5
2019,Helsinki,2,19.21,33078,5149,4350,650938.5
2019,Helsinki,3,17.23,17271,4979,3753,650938.5
2019,Espoo-Kauniainen,1,21.81,8597,4296,394,296387.5
2019,Espoo-Kauniainen,2,17.16,14180,3751,1148,296387.5
2019,Espoo-Kauniainen,3,15.35,8910,3487,1187,296387.5
2019,Vantaa,1,21.49,8702,3474,352,230970.5
2019,Vantaa,2,16.71,17562,2764,1032,230970.5
2019,Vantaa,3,15.29,10246,2400,906,230970.5
2019,Porvoo,1,17.61,1052,3106,72,50321.0
2019,Porvoo,2,13.15,944,2434,164,50321.0
2019,Porvoo,3,11.96,358,2557,122,50321.0
2019,Turku,1,16.84,15362,3370,603,192146.5
2019,Turku,2,13.14,13175,2496,1327,192146.5
2019,Turku,3,11.27,4241,2189,1050,192146.5
2019,Pori,1,13.61,3021,1640,136,84168.5
2019,Pori,2,10.38,3098,1402,301,84168.5
2019,Pori,3,9.44,730,1494,195,84168.5
2019,Hämeenlinna,1,18.98,2563,1973,197,67582.5
2019,Hämeenlinna,2,13.57,2995,1810,248,67582.5
2019,Hämeenlinna,3,11.9,981,1851,171,67582.5
2019,Tampere,1,18.08,21459,3365,802,236689.5
2019,Tampere,2,13.87,17901,2849,1605,236689.5
2019,Tampere,3,12.47,5827,2677,1072,236689.5
2019,Lahti,1,16.17,6483,2220,291,119887.0
2019,Lahti,2,12.81,7837,1792,564,119887.0
2019,Lahti,3,11.33,2370,1814,460,119887.0
2019,Kotka,1,13.84,2132,1208,121,52504.5
2019,Kotka,2,11.03,1530,1190,225,52504.5
2019,Kotka,3,10.05,462,1170,116,52504.5
2019,Kouvola,1,12.92,2356,1003,96,82645.0
2019,Kouvola,2,10.3,2023,1001,255,82645.0
2019,Kouvola,3,9.24,716,1079,138,82645.0
2019,Lappeenranta,1,16.1,2270,2013,126,72666.5
2019,Lappeenranta,2,12.83,1975,1774,288,72666.5
2019,Lappeenranta,3,11.41,652,1702,228,72666.5
2019,Mikkeli,1,15.91,1681,1861,102,53476.0
2019,Mikkeli,2,11.82,1138,1721,167,53476.0
2019,Mikkeli,3,10.48,295,1610,114,53476.0
2019,Kuopio,1,17.51,6340,2684,218,118973.0
2019,Kuopio,2,13.79,6592,2063,574,118973.0
2019,Kuopio,3,12.04,1810,1880,420,118973.0
2019,Joensuu,1,16.17,4578,2497,125,76700.5
2019,Joensuu,2,12.68,2998,2029,227,76700.5
2019,Joensuu,3,10.36,525,1871,162,76700.5
2019,Jyväskylä,1,17.48,8601,2517,307,141852.5
2019,Jyväskylä,2,13.41,10366,2033,803,141852.5
2019,Jyväskylä,3,11.72,3460,2053,449,141852.5
2019,Seinäjoki,1,14.66,1873,2268,57,63534.5
2019,Seinäjoki,2,11.35,2173,1965,142,63534.5
2019,Seinäjoki,3,10.31,762,1849,127,63534.5
2019,Vaasa,1,15.6,2880,2498,164,67594.0
2019,Vaasa,2,11.82,2156,1984,291,67594.0
2019,Vaasa,3,9.7,550,1940,280,67594.0
2019,Oulu,1,15.88,11894,2500,415,204528.0
2019,Oulu,2,12.29,11122,2024,767,204528.0
2019,Oulu,3,11.06,3768,2054,629,204528.0
2019,Rovaniemi,1,16.18,2864,2119,121,62982.0
2019,Rovaniemi,2,12.7,2711,1797,343,62982.0
2019,Rovaniemi,3,11.01,944,1555,168,62982.0
2020,Helsinki,1,26.33,40419,6833,2633,655377.5
2020,Helsinki,2,19.98,33846,5490,4583,655377.5
2020,Helsinki,3,18.04,17180,5306,4092,655377.5
2020,Espoo-Kauniainen,1,22.67,9116,4590,375,301251.0
2020,Espoo-Kauniainen,2,18.02,14328,4063,1176,301251.0
2020,Espoo-Kauniainen,3,16.13,8942,3640,1341,301251.0
2020,Vantaa,1,22.53,9179,3889,433,235503.0
2020,Vantaa,2,17.41,18132,2982,1113,235503.0
2020,Vantaa,3,15.88,10924,2567,957,235503.0
2020,Porvoo,1,18.17,988,2903,90,50499.5
2020,Porvoo,2,13.58,825,2552,172,50499.5
2020,Porvoo,3,12.6,285,2554,142,50499.5
2020,Turku,1,17.54,15248,3628,504,193676.5
2020,Turku,2,13.64,13036,2690,1358,193676.5
2020,Turku,3,11.57,4219,2356,1097,193676.5
2020,Pori,1,13.7,2896,1734,159,83809.0
2020,Pori,2,10.72,2808,1408,284,83809.0
2020,Pori,3,9.51,631,1518,212,83809.0
2020,Hämeenlinna,1,17.64,2664,1948,126,67740.5
2020,Hämeenlinna,2,13.29,3077,1783,285,67740.5
2020,Hämeenlinna,3,11.88,1021,1753,166,67740.5
2020,Tampere,1,18.67,21643,3654,1033,239574.5
2020,Tampere,2,14.29,17682,3034,1748,239574.5
2020,Tampere,3,12.92,5929,2818,1253,239574.5
2020,Lahti,1,16.48,6167,2081,487,119903.5
2020,Lahti,2,13.04,7805,1685,767,119903.5
2020,Lahti,3,11.63,2302,1706,517,119903.5
2020,Kotka,1,14.19,2061,1125,127,51897.0
2020,Kotka,2,11.93,1478,1183,324,51897.0
2020,Kotka,3,10.89,480,1253,167,51897.0
2020,Kouvola,1,13.19,2266,1039,143,81650.0
2020,Kouvola,2,10.44,1825,1088,264,81650.0
2020,Kouvola,3,9.19,605,991,153,81650.0
2020,Lappeenranta,1,16.7,2170,2113,188,72648.0
2020,Lappeenranta,2,13.14,2066,1888,402,72648.0
2020,Lappeenranta,3,11.49,579,1900,224,72648.0
2020,Mikkeli,1,16.02,1620,1999,86,52858.5
2020,Mikkeli,2,12.01,992,1671,198,52858.5
2020,Mikkeli,3,10.44,246,1602,126,52858.5
2020,Kuopio,1,17.88,6100,2639,216,119746.0
2020,Kuopio,2,14.09,6079,2122,585,119746.0
2020,Kuopio,3,12.19,1712,1887,433,119746.0
2020,Joensuu,1,16.76,4289,2669,141,76892.5
2020,Joensuu,2,13.0,2770,2048,223,76892.5
2020,Joensuu,3,10.93,461,1773,174,76892.5
2020,Jyväskylä,1,18.29,8294,2548,343,142910.0
2020,Jyväskylä,2,13.58,10095,2059,785,142910.0
2020,Jyväskylä,3,11.85,3446,2034,503,142910.0
2020,Seinäjoki,1,14.92,1798,2367,106,63955.5
2020,Seinäjoki,2,11.74,2064,2038,193,63955.5
2020,Seinäjoki,3,10.42,671,1871,118,63955.5
2020,Vaasa,1,15.73,2592,2490,206,67593.5
2020,Vaasa,2,12.06,1993,2067,333,67593.5
2020,Vaasa,3,10.0,450,1900,291,67593.5
2020,Oulu,1,16.45,11437,2844,554,206408.0
2020,Oulu,2,12.64,10596,2138,987,206408.0
2020,Oulu,3,11.38,3549,2131,766,206408.0
2020,Rovaniemi,1,16.54,2642,2137,147,63285.0
2020,Rovaniemi,2,13.05,2506,1926,258,63285.0
2020,Rovaniemi,3,11.36,759,1711,159,63285.0
2021,Helsinki,1,26.69,45934,7125,3008,657688.5
2021,Helsinki,2,20.14,37045,5802,5080,657688.5
2021,Helsinki,3,18.26,19121,5729,4365,657688.5
2021,Espoo-Kauniainen,1,23.25,9698,4952,502,305251.0
2021,Espoo-Kauniainen,2,18.19,15555,4265,1472,305251.0
2021,Espoo-Kauniainen,3,16.34,9439,3867,1599,305251.0
2021,Vantaa,1,23.11,10314,3971,530,238218.5
2021,Vantaa,2,17.54,19698,3095,1168,238218.5
2021,Vantaa,3,15.99,12084,2613,1048,238218.5
2021,Porvoo,1,18.44,1117,3248,94,50884.0
2021,Porvoo,2,13.75,887,2641,233,50884.0
2021,Porvoo,3,12.81,278,2744,165,50884.0
2021,Turku,1,17.9,19294,3947,700,194764.0
2021,Turku,2,13.89,14848,2893,1477,194764.0
2021,Turku,3,11.87,4635,2511,1166,194764.0
2021,Pori,1,13.75,4036,1691,228,83583.0
2021,Pori,2,10.78,3814,1350,358,83583.0
2021,Pori,3,9.68,998,1480,257,83583.0
2021,Hämeenlinna,1,17.54,3252,2121,188,67909.5
2021,Hämeenlinna,2,13.38,3482,1861,310,67909.5
2021,Hämeenlinna,3,12.0,1103,1739,210,67909.5
2021,Tampere,1,19.12,23602,3928,1171,242616.0
2021,Tampere,2,14.51,19311,3201,2127,242616.0
2021,Tampere,3,13.02,6200,3008,1449,242616.0
2021,Lahti,1,16.57,6376,2104,470,120005.5
2021,Lahti,2,13.12,8756,1731,824,120005.5
2021,Lahti,3,11.63,2685,1789,597,120005.5
2021,Kotka,1,14.16,2181,1293,187,51454.5
2021,Kotka,2,12.08,1817,1243,331,51454.5
2021,Kotka,3,10.75,476,1286,212,51454.5
2021,Kouvola,1,13.34,2592,1005,168,80820.5
2021,Kouvola,2,10.44,2121,1045,321,80820.5
2021,Kouvola,3,9.17,651,1077,186,80820.5
2021,Lappeenranta,1,17.08,3129,2239,288,72648.0
2021,Lappeenranta,2,13.24,2776,1889,399,72648.0
2021,Lappeenranta,3,11.35,779,1907,216,72648.0
2021,Mikkeli,1,16.12,1801,1987,91,52352.5
2021,Mikkeli,2,11.95,1338,1731,231,52352.5
2021,Mikkeli,3,10.36,292,1549,140,52352.5
2021,Kuopio,1,18.18,6686,2659,282,120876.5
2021,Kuopio,2,14.13,6779,2140,767,120876.5
2021,Kuopio,3,12.1,1874,2068,505,120876.5
2021,Joensuu,1,16.99,5111,2568,144,77098.0
2021,Joensuu,2,13.03,3487,2094,337,77098.0
2021,Joensuu,3,11.04,613,1841,197,77098.0
2021,Jyväskylä,1,18.34,9639,2650,479,143946.5
2021,Jyväskylä,2,13.61,10845,2060,940,143946.5
2021,Jyväskylä,3,11.93,3661,1976,602,143946.5
2021,Seinäjoki,1,15.29,2185,2580,102,64433.0
2021,Seinäjoki,2,11.92,2476,2030,239,64433.0
2021,Seinäjoki,3,10.49,860,1772,142,64433.0
2021,Vaasa,1,15.76,3501,2538,258,67583.0
2021,Vaasa,2,12.05,2818,2087,443,67583.0
2021,Vaasa,3,10.14,689,1991,298,67583.0
2021,Oulu,1,16.76,13304,2858,696,208439.0
2021,Oulu,2,12.92,11818,2284,1100,208439.0
2021,Oulu,3,11.56,3957,2139,850,208439.0
2021,Rovaniemi,1,16.88,3011,2235,163,63854.0
2021,Rovaniemi,2,13.19,2763,2019,286,63854.0
2021,Rovaniemi,3,11.54,804,1756,224,63854.0
2022,Helsinki,1,26.83,44793,6945,2564,661242.5
2022,Helsinki,2,20.48,37118,5827,4407,661242.5
2022,Helsinki,3,18.84,19878,5809,3864,661242.5
2022,Espoo-Kauniainen,1,23.6,10790,4784,451,311543.0
2022,Espoo-Kauniainen,2,18.52,15973,4312,1056,311543.0
2022,Espoo-Kauniainen,3,16.95,9779,3991,1200,311543.0
2022,Vantaa,1,23.64,10803,4015,435,241012.5
2022,Vantaa,2,17.81,20085,3165,1009,241012.5
2022,Vantaa,3,16.4,12130,2710,945,241012.5
2022,Porvoo,1,18.75,1037,3239,60,51190.5
2022,Porvoo,2,13.76,793,2783,193,51190.5
2022,Porvoo,3,12.93,293,2724,152,51190.5
2022,Turku,1,18.36,18180,3975,648,196518.5
2022,Turku,2,14.3,14676,3016,1201,196518.5
2022,Turku,3,12.64,4408,2613,1048,196518.5
2022,Pori,1,14.06,3446,1752,162,83343.5
2022,Pori,2,10.73,3605,1324,288,83343.5
2022,Pori,3,9.61,961,1487,234,83343.5
2022,Hämeenlinna,1,17.79,3236,2061,203,68007.0
2022,Hämeenlinna,2,13.65,3378,1878,377,68007.0
2022,Hämeenlinna,3,12.22,1092,1880,246,68007.0
2022,Tampere,1,19.65,22845,4011,1005,246616.0
2022,Tampere,2,14.9,19373,3330,1802,246616.0
2022,Tampere,3,13.38,6135,3131,1190,246616.0
2022,Lahti,1,16.77,5959,2055,328,120101.0
2022,Lahti,2,13.28,7960,1661,743,120101.0
2022,Lahti,3,11.88,2564,1760,549,120101.0
2022,Kotka,1,14.16,2103,1289,140,50929.0
2022,Kotka,2,12.19,1787,1231,282,50929.0
2022,Kotka,3,10.93,464,1352,156,50929.0
2022,Kouvola,1,13.49,2334,1018,107,79941.5
2022,Kouvola,2,10.46,2025,1148,249,79941.5
2022,Kouvola,3,9.14,568,1104,153,79941.5
2022,Lappeenranta,1,17.28,3262,2186,158,72642.0
2022,Lappeenranta,2,13.49,2784,1934,299,72642.0
2022,Lappeenranta,3,11.69,772,1864,187,72642.0
2022,Mikkeli,1,16.18,1645,1844,91,52051.0
2022,Mikkeli,2,12.09,1153,1535,167,52051.0
2022,Mikkeli,3,10.41,308,1492,144,52051.0
2022,Kuopio,1,18.62,6640,2691,228,122068.5
2022,Kuopio,2,14.44,6956,2202,613,122068.5
2022,Kuopio,3,12.5,1992,2052,421,122068.5
2022,Joensuu,1,17.33,5026,2644,147,77387.0
2022,Joensuu,2,13.2,3179,2092,293,77387.0
2022,Joensuu,3,11.15,629,1795,201,77387.0
2022,Jyväskylä,1,18.45,9173,2508,461,145180.0
2022,Jyväskylä,2,13.7,9667,2045,927,145180.0
2022,Jyväskylä,3,12.12,3237,1999,587,145180.0
2022,Seinäjoki,1,15.36,2126,2733,85,65029.5
2022,Seinäjoki,2,12.17,2316,2223,231,65029.5
2022,Seinäjoki,3,10.59,799,2069,166,65029.5
2022,Vaasa,1,15.93,3356,2546,194,67801.5
2022,Vaasa,2,12.13,2684,2087,341,67801.5
2022,Vaasa,3,10.21,616,2014,318,67801.5
2022,Oulu,1,17.05,12974,2960,760,210699.5
2022,Oulu,2,13.28,11293,2333,1231,210699.5
2022,Oulu,3,11.87,3629,2232,850,210699.5
2022,Rovaniemi,1,17.26,2877,2141,144,64357.5
2022,Rovaniemi,2,13.63,2687,1873,259,64357.5
2022,Rovaniemi,3,11.87,769,1769,199,64357.5
